title,link
"[이슈] 윤석열정부 2년차 국정 아젠다, &apos;文정부 역행(逆行) 안착과 속도내기&apos;",https://www.polinews.co.kr/news/articleView.html?idxno=610944
"근로시간 개편, <b>주 69시간</b>제와 건강 보호조치 의무화 #<b>주69시간</b> #근로시간 #근...",https://radio.ytn.co.kr/program/?f=2&id=89555&s_mcd=0459&s_hcd=01
&apos;<b>주69시간</b>노동&apos; 개악 권고자가 최저임금 &apos;공익&apos;위원? &quot;심판이 선수로 뛰는 격...,http://worknworld.kctu.org/news/articleView.html?idxno=502581
‘쉬놀돌 시대’…기본소득 있는 ‘주3일 휴식사회’로,https://www.junggi.co.kr/article/articleView.html?no=30511
"[영상] “집회 때문에 민생이 무너졌냐”,,,이재명, 윤정부 ‘야간집회 금지’...",http://facttv.kr/facttvnews/detail.php?number=37128&thread=14r08
"이재명 &quot;<b>주 69시간</b> 노동, 시민 삶 위태…과로사회 퇴행 막겠다&quot;",http://www.upinews.kr/newsView/upi202305010046
이재명 &quot;<b>주 69시간</b> 노동 시민 삶 위태..과로사회 퇴행 막아낼 것&quot;,http://kpenews.com/View.aspx?No=2802608
[월드 통신원 - 호주] &apos;<b>주</b> 4일제 근무&apos; 참여 기업 확산,http://www.obsnews.co.kr/news/articleView.html?idxno=1398241
"한쪽엔 <b>주 69시간</b> 노동, 다른 한쪽엔 주 15시간미만 노동",http://www.newscham.net/news/view.php?board=news&nid=107180
"이재명 &quot;<b>주 69시간</b> 노동, 시민 삶 위태…과로사회 퇴행 막을 것&quot;",https://www.idaegu.co.kr/news/articleView.html?idxno=418910
"[기자수첩] 노동 개혁 1년, 남은 것은 ‘<b>69시간</b> 논란’ 뿐",https://www.viva100.com/main/view.php?key=20230503010000864
노동절 맞아 여 “근로자 존중” 야 “<b>주</b> 4.5일제 도입” 강조,http://www.knnews.co.kr/news/articleView.php?idxno=1403049
"[유천의 세상이야기] 윤 대통령 취임 1년, 난제가 산적",http://www.kyongbuk.co.kr/news/articleView.html?idxno=2131448
"김동연, 노동개혁... 노조 탄압과 <b>주 69시간</b> 근로제 등 시작부터 혼선",https://www.ajunews.com/view/20230502155457589
"與 &quot;노동 개혁&quot;, 野 &quot;학부모위한 주4일제 검토&quot;",https://www.yeongnam.com/web/view.php?key=20230501010000145
"여야, &apos;근로자의 날&apos; 온도차…&quot;노란봉투법 철회&quot;·&quot;노동탄압&quot;",http://www.newstomato.com/ReadNews.aspx?no=1186408&inflow=N
[폭로(暴勞) 사회 ⑥] &apos;MZ세대&apos; 스물두 살 생산직의 &apos;마지막 새해&apos;,http://www.labortoday.co.kr/news/articleView.html?idxno=214990
"[종합] 양대노총, 노동절 전국 대규모 집회.. 노동시간 단축 등 현 정부 반노...",https://www.polinews.co.kr/news/articleView.html?idxno=608744
"민주당, 노동절 맞아 “<b>주</b> 4.5일제로 나아가는 문 열겠다”",https://vop.co.kr/A00001632154.html
"여야, 근로자의 날 맞아 입장 ‘온도차’",https://www.dnews.co.kr/uhtml/view.jsp?idxno=202305011340034040947
[윤석열 정부 1년] 노조와 강대강 대치… 갈 길 먼 노동개혁,https://www.newscj.com/news/articleView.html?idxno=3025874
이재명 &quot;&apos;<b>주69시간</b> 노동&apos; 시민 삶 위태…과로사회 퇴행 막을것&quot;,http://www.slist.kr/news/articleView.html?idxno=446463
[尹정부 1년] 노동·교육·연금 3대 개혁 드라이브…巨野 대응책은 총선 승리,http://www.newspim.com/news/view/20230508000701
"윤석열 정부를 향한 100가지 쓴소리, 노동절 100명의 노동자에게 듣다",http://www.laborplus.co.kr/news/articleView.html?idxno=31499
여야 근로자의 날 신경전...&quot;편가르기&quot; vs &quot;노동탄압&quot;,https://www.iusm.co.kr/news/articleView.html?idxno=1014154
"與, 청년 민심 파고들기···&quot;<b>주</b> 52시간제 후퇴 불안 해소&quot;",https://www.womaneconomy.co.kr/news/articleView.html?idxno=216885
[웹툰작가의 늪] ③ &quot;하루 12시간도 일했다&quot;‧‧‧쉴 권리조차 없는 웹툰 작가,https://www.womaneconomy.co.kr/news/articleView.html?idxno=216796
여 &quot;노사 법치주의 정립&quot; VS 야 &quot;<b>주</b> 4·5일제 담대해 추진&quot;,http://www.joongboo.com/news/articleView.html?idxno=363590202
&apos;판교등대&apos; 재현에 촉각…재택 양극화도 불만,http://www.newstomato.com/ReadNews.aspx?no=1186260&inflow=N
MZ노조 &quot;<b>주 69시간</b>제&apos; 아쉬워…‘진짜 노조’ 많아져야&quot;,http://www.newstomato.com/ReadNews.aspx?no=1186273&inflow=N
[취임 1년 윤석열 대통령②] 냉각된 대야 관계·정책 혼선 숙제,http://www.00news.co.kr/news/articleView.html?idxno=78045
“노동법 개정 대통령이 서명” 7월부터 <b>주</b> 4일 근무제 시작하는 나라,https://www.wikitree.co.kr/articles/848358
최저임금 논의 전 노동계 장외투쟁 압박...&quot;권순원 공익위원 사퇴 촉구&quot;,http://www.newspim.com/news/view/20230523000737
8시간 노동제를 위해,http://www.labortoday.co.kr/news/articleView.html?idxno=214856
한국노총 “오늘부터 윤석열 정권 맞서 끈질긴 투쟁 대장정 돌입”,https://vop.co.kr/A00001632169.html
[<b>주 69시간</b>제 막히자] 공정채용법 띄우는 국민의힘 노동개혁특위,http://www.labortoday.co.kr/news/articleView.html?idxno=214867
[카드뉴스]한번 맛보면 돌아오기 힘들다는 &apos;<b>주</b> 4일 근무&apos;…실제 만족도는?,https://www.newsway.co.kr/news/view?ud=2023050409333825000
"[영상] 이재명, 분신 노동자 사망 소식에 침통...“尹정권 ‘<b>주69시간</b>-노조탄...",http://facttv.kr/facttvnews/detail.php?number=36987&thread=14r08
"[최저임금 갈등, 해법은 下] &quot;최저임금委, 전문가 중심 구조로 바꿔야&quot;",https://www.ajunews.com/view/20230523102207376
국힘 &quot;4대분야 노동개혁&quot; 민주 &quot;주4.5일제 도입&quot;,https://www.ulsanpress.net/news/articleView.html?idxno=503729
野 근로자의 날 맞아 정부 노동정책 맹폭,http://www.00news.co.kr/news/articleView.html?idxno=77968
"한 놈만 팬다… 勞, 권순원 저격 &apos;판 흔들기&apos; 통할까?",https://biz.newdaily.co.kr/site/data/html/2023/05/24/2023052400088.html
77%가 찬성한다는 尹의 中企정책서 찾기 힘든 ‘넥스트 스텝’,http://www.fntimes.com/html/view.php?ud=20230525163325941499ebb03838_18
황광민 나주시의원 &quot;<b>주 69시간</b> 근로시간제도 개편…인간 존엄성 보장 위배&quot;,http://www.joongdo.co.kr/web/view.php?key=20230425010007757
"황광민 나주시의원, &apos;<b>주 69시간</b> 근로시간제도 개편 방안&apos; 규탄",http://www.namdonews.com/news/articleView.html?idxno=722178
"고용노동부, ‘<b>주</b> 최대 <b>69시간</b>’ 근로개편안 6000명 ‘설문’‥사업예산만 5억...",https://thepublic.kr/news/view/1065594196164627
"尹대통령 &quot;진정한 지지율&quot;이라 한 중소기업 303개사 조사, 일반국민 인식과 달...",https://www.polinews.co.kr/news/articleView.html?idxno=610571
"[미래토크]AI 시대, 일자리와 노동권의 미래는?",https://www.etoday.co.kr/news/view/2253025
"[씨부려대구] <b>주69시간</b> 근무제, 지금 우리의 노동 어젠다는",https://www.newsmin.co.kr/news/87933/
"尹 대통령, &apos;<b>주</b> 최대 <b>69시간</b>&apos; 개편안 보완검토…&quot;MZ세대 의견 청취&quot;",http://www.kbsm.net/news/view.php?idx=384599
&apos;거꾸로&apos; 움직인 尹정부…계속되는 &apos;<b>주 69시간</b>&apos; 혼란,http://www.newsfreezone.co.kr/news/articleView.html?idxno=461966
도마에 오른 <b>주 69시간</b> 근무제,http://www.skyedaily.com/news/news_view.html?ID=188783
"민주노총 제주본부, &quot;<b>주 69시간</b> 노동시간 개악안 폐기하라&quot;",http://www.jejuilbo.net/news/articleView.html?idxno=203252
"제시민사회단체, &quot;<b>주69시간</b> 노동시간 개편안 즉각 폐기해야&quot; 주장",http://worknworld.kctu.org/news/articleView.html?idxno=502255
"시민사회종교단체 “정부, <b>주 69시간</b> 개편안 즉각 폐기해야”",http://www.newstomato.com/ReadNews.aspx?no=1184546&inflow=N
<b>주 69시간</b> 입법예고 종료..&quot;폐기하라&quot;,https://kjmbc.co.kr/article/X29wNyf7PuGRFPhTU
"&quot;니가 해라, <b>주 69시간</b> 장시간 노동&quot;",http://www.labortoday.co.kr/news/articleView.html?idxno=214478
주 52시간→<b>주 69시간</b> 근무제 개편 고집에 양대노총 &apos;거센 반발&apos;,https://www.gukjenews.com/news/articleView.html?idxno=2696719
노동계 &apos;<b>주</b> 최대 <b>69시간</b>&apos; 개편안 폐지 촉구,http://www.knnews.co.kr/news/articleView.php?idxno=1401966
"노동부 장관 빠진 ‘<b>주 69시간</b>’ 토론회, 청년들 “지금도 너무 지칩니다”",https://vop.co.kr/A00001630936.html
<b>주 69시간</b> 입법예고 종료..&quot;폐기하라&quot;,https://kjmbc.co.kr/article/b4kRqHsJzww4Qreu
<b>주69시간</b> 우려에…與 청년 당정대 &quot;신뢰 회복 방안 추진&quot;,https://www.newdaily.co.kr/site/data/html/2023/04/13/2023041300187.html
"민주노총 제주 &quot;<b>주</b> 최대 <b>69시간</b>, 노동시간 개악안 폐기하라&quot;",http://www.jejusori.net/news/articleView.html?idxno=414093
"‘<b>주 69시간</b>’ 입법예고 종료, 국민 반발에 ‘대규모 설문조사’ 추진",https://vop.co.kr/A00001631403.html
양대노총 &quot;<b>주 69시간</b> 개악안 폐기&quot; 정부에 의견서 제출,http://www.todaykorea.co.kr/news/articleView.html?idxno=307061
"이재명, 연일 &apos;<b>주 69시간</b>&apos; 때리기…&quot;탁상공론 정치가 국민 삶 위협&quot;",http://www.m-i.kr/news/articleView.html?idxno=1001267
"대전 서구의회, 일명 &apos;<b>주 69시간</b> 근무제 폐기 촉구 결의안&apos; 채택",http://www.newstnt.com/news/articleView.html?idxno=264392
<b>주 69시간</b> 근무 개편?..직장인들 &quot;워라밸 없어진다&quot;,http://www.idjnews.kr/news/articleView.html?idxno=138698
[기자수첩] &apos;워라밸&apos;과 상충 가치의 조율…&apos;임계점&apos;의 명확화와 제도화,https://www.youthdaily.co.kr/news/article.html?no=128773
"양대노총, <b>주 69시간</b> ‘보완’ 고집하는 정부에 “당장 폐기” 의견 제출",https://vop.co.kr/A00001631164.html
&apos;<b>주69시간</b>&apos; 긍정적 반응 청년노동자가 사장 아들?,http://www.seoulwire.com/news/articleView.html?idxno=499197
[수요광장] <b>주 69시간</b>과 0.78 출산율 충격속 &apos;쉼&apos;의 의미 성찰,http://www.kyeongin.com/main/view.php?key=20230404010000551
"대전 서구의회, 일명 &apos;<b>주 69시간</b> 근무제 &apos;폐기 결의안 채택",https://daily.hankooki.com/news/articleView.html?idxno=940359
"<b>주69시간</b> 文정부 탓한 임이자, 코웃음 친 이재명",http://www.globale.co.kr/news/articleView.html?idxno=23737
과로사 유가족이 물었다 “<b>주 69시간</b>? 얼마나 더 희생돼야 하나”,https://vop.co.kr/A00001630448.html
"이재명, 정부 노동정책 비판…&quot;<b>주 69시간</b> 넘어 120시간 갈지도&quot;",https://www.idaegu.co.kr/news/articleView.html?idxno=417700
"이재명 &quot;<b>주 69시간</b> 정책, 청년들에게 허무맹랑하게 다가왔을 것&quot;",http://www.newstomato.com/ReadNews.aspx?no=1183160&inflow=N
<b>주 69시간</b> 근무제라는 탁상공론 vs. 청년 노동자가 말하는 현실,https://slownews.kr/88589
[칼럼] <b>주 69시간</b> 근무는 오해? 놓친 건 그게 아니다,https://www.newstof.com/news/articleView.html?idxno=20162
&quot;<b>69시간</b> 되니까 74시간이 된다&quot; 이재명 더불어민주당 대표가 강추한 &apos;너덜트&apos;...,https://www.huffingtonpost.kr/news/articleView.html?idxno=208022
"&apos;<b>주69시간</b>&apos; 노정 갈등 극…고용장관 &quot;장시간노동, 감독&quot;, 노동계 &quot;폐기하라&quot;",http://www.metroseoul.co.kr/article/20230327500340
“이게 현실… <b>주 69시간</b> 토론 100번보다 이 영상 한번 보여줘라”,https://www.wikitree.co.kr/articles/840045
&quot;<b>주 69시간</b> 노동 개악안 폐기해야&quot;,http://www.jemin.com/news/articleView.html?idxno=753747
&apos;100분토론&apos; 52시간vs<b>69시간</b> 근로시간 개편안 문제점은?,https://www.gukjenews.com/news/articleView.html?idxno=2705474
"서구의회, <b>주 69시간</b> 근무제 폐기 촉구 결의안 채택",https://www.ccdailynews.com/news/articleView.html?idxno=2195335
&apos;100분 토론&apos; 52시간vs<b>69시간</b>…근로 시간 개편 어디로?,http://www.newsculture.press/news/articleView.html?idxno=523037
양대노총 &quot;<b>주 69시간</b> 당장 폐기&quot;...정부에 의견서 제출,http://www.newspost.kr/news/articleView.html?idxno=107328
"&apos;100분 토론&apos; 52시간 VS <b>69시간</b>, 근로시간 개편 문제점은",http://www.slist.kr/news/articleView.html?idxno=445007
[일요서울 1기 독자위원회 1508호 모니터링] <b>주 69시간</b> 관련 기사 칭찬….&quot;현...,http://www.ilyoseoul.co.kr/news/articleView.html?idxno=472829
여전히 갈팡질팡 중심 잃은 &apos;<b>주 69시간</b>&apos; 개편안,https://weekly.hankooki.com/news/articleView.html?idxno=7077638
주 52시간도 연차 못 쓰는 마당에···개발자들 ‘<b>주69시간</b> 근로 개편은 후퇴...,https://magazine.hankyung.com/job-joy/article/202303242207d
대·중기 경제단체 &quot;<b>주69시간</b> 근로개편 정부안대로 추진&quot;,https://www.ekn.kr/web/view.php?key=20230323010005828
경영계 &apos;<b>주69시간</b>&apos; 미련?... 노동계 &quot;52시간도 길다&quot;,http://www.womentimes.co.kr/news/articleView.html?idxno=60209
"국회 환노위 민주당 의원-새로고침 노동자협의회, &apos;청년이 바라본 윤석열 정부...",http://www.newsworker.co.kr/news/articleView.html?idxno=198655
"여야, &apos;근로시간 개편안&apos; 공방...&quot;<b>주69시간</b>은 왜곡 프레임&quot; vs &quot;과로사회 조장...",http://www.newskr.kr/news/articleView.html?idxno=88830
[팩트체크] 현재 <b>주 69시간</b> 일하는 회사는 없다?,https://www.newstof.com/news/articleView.html?idxno=20148
"[팩트체크] <b>주 69시간</b> 근무, 일제강점기 일본도 안 했다?",https://www.newstof.com/news/articleView.html?idxno=20139
"&quot;<b>주69시간</b> 근로 실현 가능성 낮아, 왜곡 말고 추진해야&quot;",https://www.ajunews.com/view/20230323092716867
"&apos;<b>주69시간</b>&apos; 후폭풍, MZ 민심 잡기 나서는 野",http://www.metroseoul.co.kr/article/20230328500427
&quot;근로시간보다 임금 제도가 문제&quot;… &apos;<b>주 69시간</b>&apos; 화두는 포괄임금제,http://www.sporbiz.co.kr/news/articleView.html?idxno=647618
테이블 앉은 고용부-MZ노조···<b>주</b> 최대 <b>69시간</b> 근무 합의점 &apos;아직&apos;,http://www.todaykorea.co.kr/news/articleView.html?idxno=306375
"<b>주 69시간</b>? 노무사 &quot;문제는 포괄임금제, 근로시간 기록 안하는 문화 만연돼있...",https://radio.ytn.co.kr/program/?f=2&id=88464&s_mcd=0433&s_hcd=01
경총 &quot;`<b>주69시간</b>으로 장시간 노동 회귀` 주장은 사실 왜곡&quot;,http://tbs.seoul.kr/news/newsView.do?typ_800=1&idx_800=3492575&seq_800=20485259
"노동부 장관에 쏟아진 ‘<b>주 69시간</b>’ 항의 문자, 하루 만에 수천통",https://vop.co.kr/A00001630757.html
"공짜 야근 밥 먹듯 하는 &apos;<b>주</b> 최대 <b>69시간</b> 노동&apos; 개편안 담당 공무원, 논란 제...",https://www.wikitree.co.kr/articles/842975
역시나 &apos;용산 2중대&apos;…&apos;<b>주 69시간</b>&apos; 혼선에도 윤 대통령 엄호만,http://www.newstomato.com/ReadNews.aspx?no=1181825&inflow=N
"尹대통령, &apos;<b>주69시간</b>&apos; 정책 혼선에 &quot;모든 정책 당정 긴밀하게 협의하라&quot; 지시",https://www.polinews.co.kr/news/articleView.html?idxno=605859
&apos;<b>주69시간</b>→60시간→60+α시간?!!&apos; 노동시간 개편안 두고 &apos;오락가락&apos; 말바꾸는...,https://www.huffingtonpost.kr/news/articleView.html?idxno=207900
<b>주 69시간</b>과 저출산 정책 그리고 전략부재 [기자수첩],http://www.sisaon.co.kr/news/articleView.html?idxno=148711
&apos;<b>주 69시간</b>&apos; 두고 대통령·대통령실·노동부 제각각… 혼란 가중,https://www.newscj.com/news/articleView.html?idxno=3011055
[포토] 민주노총 경기본부 &apos;<b>주 69시간</b> 노동&apos; 폐기 촉구,http://www.kyeongin.com/main/view.php?key=20230418010003481
2주 동안 세 번 말 바꿔…<b>주 69시간</b> 혼란 반복,https://www.junggi.co.kr/article/articleView.html?no=30207
대통령은 &apos;<b>주</b> 60시간 이상 무리&apos;라는데 고용노동부는 ‘<b>69시간</b> 고집’,https://www.asiatime.co.kr/article/20230321500355
<b>주 69시간</b> NO! 주 4.5일제 YES! 과로사회 OUT!,http://news.inochong.org/detail.php?number=4591&thread=22r19
[기자수첩] 현대차 생산직 열풍과 <b>주 69시간</b>,http://www.sisajournal-e.com/news/articleView.html?idxno=298091
"[이정식 고용노동부 장관] &quot;노란봉투법 집행시 발생할 문제, 외면하면 장관으...",http://www.labortoday.co.kr/news/articleView.html?idxno=215309
"한쪽엔 <b>주</b> 69시간 노동, 다른 한쪽엔 <b>주</b> 15시간미만 노동",http://www.newscham.net/news/view.php?board=news&nid=107180
<b>주</b> 69시간제·최저임금·노란봉투법으로 얼룩진 133주년 &apos;노동절&apos;,http://www.enewstoday.co.kr/news/articleView.html?idxno=1658141
"이정식, 근로시간 개편 &quot;<b>주 60시간</b> 이상 희박&quot;",http://www.goodkyung.com/news/articleView.html?idxno=206092
이정식 &quot;근로시간 &apos;<b>주 60시간</b> 이상&apos; 될 가능성 희박&quot;,https://daily.hankooki.com/news/articleView.html?idxno=950261
이정식 &quot;최대 근로시간 <b>주 60시간</b> 이상 될 가능성 희박&quot;,https://news.bbsi.co.kr/news/articleView.html?idxno=3108396
"尹 &apos;<b>60시간</b> 상한캡&apos;에, 고용부 시계 다시 &quot;<b>주</b> 52시간&quot;",http://www.metroseoul.co.kr/article/20230417500590
중소기업 3곳 중 2곳 &quot;<b>주</b> 최대 근로 시간 <b>60시간</b> 적정&quot;,https://www.youthdaily.co.kr/news/article.html?no=125840
[정부는 주 69시간 일하라는데] <b>주 60시간</b> 이상 과로사 승인율 93.5% &apos;심각&apos;,http://www.labortoday.co.kr/news/articleView.html?idxno=214409
<b>주</b> 52시간→<b>60시간</b> 올렸더니 과로사 인정율 70~80%대로 ‘껑충’,https://www.tfmedia.co.kr/news/article.html?no=142176
&apos;<b>주 60시간</b>&apos; 과로사 산재율 93%⋯ 포괄임금제도 안전핀 필요,https://www.asiatime.co.kr/article/20230406500290
주52~<b>60시간</b>대도 과로사 산재인정 81%,http://www.naeil.com/news_view/?id_art=456881
"김주영 의원 “뇌심혈관 질환 산재 승인, <b>주</b> 52~<b>60시간</b>대 과로사 인정 81.2%,...",http://www.breaknews.com/957855
<b>주 60시간</b> 넘게 일하고 &apos;과로사&apos;…93.4%는 유족급여 승인,http://www.newspim.com/news/view/20230406000248
"비정규직 90%, 윤석열 &apos;<b>주60시간</b>&apos;도 반대",http://www.naeil.com/news_view/?id_art=457318
中企 65% &quot;<b>주</b> 최대 근로 <b>60시간</b> 적정&quot;,https://www.idaegu.co.kr/news/articleView.html?idxno=416857
비정규직 90% “<b>주 60시간</b> 근무 반대”,http://www.ksmnews.co.kr/default/index_view_page.php?idx=421354&part_idx=170
"기업 75%, &quot;연장근로 개편해도 <b>주 60시간</b> 미만 근로&quot;",http://www.jbnews.com/news/articleView.html?idxno=1388471
중기 70% 이상이 &quot;<b>주60시간</b> 이상 일시킬 것&quot;…상사 눈치에 휴가 못쓰기도,http://www.whitepaper.co.kr/news/articleView.html?idxno=224357
기업 75% &quot;연장근로 개편해도 <b>주 60시간</b> 미만 근무&quot;,http://www.thepowernews.co.kr/view.php?ud=202303240954088794798818e98b_7
기업 75% &quot;연장근로 개편해도 <b>주 60시간</b> 미만 근무&quot;,https://www.delighti.co.kr/news/articleView.html?idxno=51049
기업 75% &quot;연장근로 개편해도 <b>주 60시간</b> 미만 근무할 것&quot;,http://www.insightkorea.co.kr/news/articleView.html?idxno=107804
기업 75% &quot;연장근로 개편하더라도 <b>주</b> 최대 <b>60시간</b> 미만 근로할 것&quot;,http://www.m-i.kr/news/articleView.html?idxno=998970
기업 75% &quot;연장근로 개편해도 <b>주 60시간</b> 미만 근무&quot;,http://www.wolyo.co.kr/news/articleView.html?idxno=222068
기업 과반 이상 &quot;근로시간 개편 활용할 것&quot;...4곳 중 1곳은 <b>주 60시간</b> 이상 운...,https://www.ajunews.com/view/20230324080326658
"기업 74%, <b>주</b> 69시간제 도입시 &quot;<b>60시간</b> 미만으로 활용&quot;",http://www.goodkyung.com/news/articleView.html?idxno=203378
“<b>주60시간</b> 과로사 책임” 민노총 주장에…쿠팡 “<b>주60시간</b> 근무는 왜곡” 반...,https://www.dnews.co.kr/uhtml/view.jsp?idxno=202303281844359740478
MZ세대들 &quot;<b>주60시간</b>도 반대… 장시간 노동 시달리는 삶 싫어&quot;,https://www.newsclaim.co.kr/news/articleView.html?idxno=3016824
[폭로(暴勞) 사회 ①] <b>주 60시간</b> 노동에 내몰린 죽음 &apos;크리스마스의 악몽&apos;,http://www.labortoday.co.kr/news/articleView.html?idxno=214126
가이드라인 논란만 낳은 &apos;<b>주 60시간</b>&apos; 발언,http://www.sisaweek.com/news/articleView.html?idxno=203582
주69시간→<b>60시간</b>이상→<b>60시간</b>… 오락가락 근로시간 개편,http://www.seoulwire.com/news/articleView.html?idxno=496943
대통령은 &apos;<b>주 60시간</b> 이상 무리&apos;라는데 고용노동부는 ‘69시간 고집’,https://www.asiatime.co.kr/article/20230321500355
대통령실 “尹 &apos;<b>주60시간</b> 무리&apos; 발언은 우려 표현일 뿐”,https://www.etoday.co.kr/news/view/2232721
&quot;<b>주 60시간</b> 근무 무리&quot;…오락가락 &apos;근로시간&apos; 혼선 부채질,http://www.newstomato.com/ReadNews.aspx?no=1181689&inflow=N
[종합] 尹 “<b>주 60시간</b> 무리”…고용부 장관 “파악해보겠다”,https://www.etoday.co.kr/news/view/2232674
"윤 대통령 &quot;<b>주 60시간</b> 이상 근무, 건강 차원에서 무리&quot;",http://www.dtnews24.com/news/articleView.html?idxno=742378
"윤 대통령 또 혼선 “<b>주60시간</b> 무리, 생각 변함없다”...한 달 4차례 변경",https://vop.co.kr/A00001630029.html
尹 “<b>주 60시간</b> 이상 근무 무리라는 생각 변함없다”,https://www.etoday.co.kr/news/view/2232595
기업 75% &quot;연장근로 개편해도 <b>주 60시간</b> 미만 근로할 것&quot;,http://mbnmoney.mbn.co.kr/news/view?news_no=MM1004892279
"[이슈] &apos;근로시간 개편안&apos; 해명 바쁜 대통령실 &quot;<b>주60시간</b> 상한캡, 尹 가이드라...",https://www.polinews.co.kr/news/articleView.html?idxno=605379
"대통령실, 尹 &apos;<b>주 60시간</b>&apos; 발언에 &quot;가이드라인 아니다&quot;",http://www.sisaweek.com/news/articleView.html?idxno=203516
대통령실 &quot;<b>주 60시간</b> 상한 가이드 라인 아냐&quot; 적극 해명,https://www.yeongnam.com/web/view.php?key=20230320010002647
"대통령실 &quot;尹 &apos;<b>주60시간</b>&apos; 발언, 가이드라인 아냐&quot;",http://www.viewsnnews.com/article?q=209686
"&quot;<b>주 60시간</b> 근무, 윤 대통령 가이드라인 아냐&quot;…상한캡 놓고 말 바꾼 대통령실",http://www.newstomato.com/ReadNews.aspx?no=1181609&inflow=N
"대통령실 &quot;<b>주 60시간</b>, 尹 가이드라인 아냐…&apos;상한 캡&apos; 씌우지 않을 것&quot;",https://daily.hankooki.com/news/articleView.html?idxno=936118
또 말 바뀐 대통령실 “<b>주60시간</b> ‘상한’ 아니야…대통령 개인 생각”,https://vop.co.kr/A00001629983.html
"대통령실 &quot;&apos;<b>주 60시간</b>&apos;, 尹가이드라인 아냐…다양한 의견 수렴 취지&quot;",http://www.metroseoul.co.kr/article/20230320500618
"대통령실 &quot;<b>주 60시간</b>, 윤 대통령 가이드라인 아냐…그 이상도 가능&quot;",http://www.newsworks.co.kr/news/articleView.html?idxno=709045
"[인터뷰] MZ노조 &quot;&apos;공짜 야근&apos;, <b>주 60시간</b>이라고 안 벌어질까&quot;",https://weekly.hankooki.com/news/articleView.html?idxno=7077703
"尹, &quot;<b>주 60시간</b> 이상은 무리&quot;···근로시간 개편안 &apos;또다시&apos; 미궁으로",http://www.todaykorea.co.kr/news/articleView.html?idxno=306328
"尹대통령 &quot;<b>주60시간</b> 이상 근무는 무리, 주간 근로시간 상한 정해놓아야&quot;",https://www.polinews.co.kr/news/articleView.html?idxno=605422
기업 75% &quot;연장근로 개편해도 <b>주 60시간</b> 미만 근로하겠다&quot;,https://www.goodnews1.com/news/articleView.html?idxno=416959
"&quot;기업 75%, 연장근로 개편해도 <b>주 60시간</b> 이하 근무&quot;",http://www.kukinews.com/newsView/kuk202303240032
"기업 75%, 연장근로 개편해도 <b>주 60시간</b> 미만 근로할 것",https://www.hellot.net/news/article.html?no=76480
"대통령실 “<b>주 60시간</b>, 尹 가이드라인 아니야”",http://www.m-economynews.com/news/article.html?no=37371
"대통령실 &quot;<b>주60시간</b>, 윤대통령 가이드라인 아니다...그 이상도 가능&quot;",http://tbs.seoul.kr/news/newsView.do?typ_800=9&idx_800=3492378&seq_800=20485062
"대통령실 “尹 ‘<b>주 60시간</b> 이상 무리’ 발언, 가이드라인 제시 아냐”",https://www.dnews.co.kr/uhtml/view.jsp?idxno=202303201628438880089
대통령실 &quot;&apos;尹 <b>주60시간</b> 이상 무리&apos; 가이드라인 아냐&quot;,http://www.shinailbo.co.kr/news/articleView.html?idxno=1676565
"대통령실 &quot;&apos;<b>주 60시간</b>&apos; 언급, 다양한 의견 수렴 차원&quot;",https://www.mhns.co.kr/news/articleView.html?idxno=549724
노동시간 개편안 공무원들 &apos;<b>주 60시간</b> 초과근무&apos;···공짜 야근 중,http://www.todaykorea.co.kr/news/articleView.html?idxno=306751
"민주당·노동계, 尹&apos; <b>주 60시간</b> 상한&apos; 인식 두고 노동관 비판",http://www.sporbiz.co.kr/news/articleView.html?idxno=646846
"박홍근 &quot;주69시간은 무리고, <b>60시간</b>은 가능한 근거는 뭔가&quot;",http://www.goodkyung.com/news/articleView.html?idxno=202809
&apos;주69시간→<b>60시간</b>→60+α시간?!!&apos; 노동시간 개편안 두고 &apos;오락가락&apos; 말바꾸는...,https://www.huffingtonpost.kr/news/articleView.html?idxno=207900
&apos;근로시간 개편안 논란&apos; 직접 진화 나선 윤 &quot;<b>주 60시간</b> 이상은 무리&quot;,http://www.incheonilbo.com/news/articleView.html?idxno=1186393
"尹대통령, 생중계된 국무회의서 “<b>주 60시간</b> 이상은 무리”…‘MZ입장 반영의...",https://thepublic.kr/news/view/1065581197924511
논란의 &apos;주69시간제&apos; 사실상 폐기 수순... &apos;<b>주60시간</b>&apos; 밑으로 가닥잡나,http://www.goodkyung.com/news/articleView.html?idxno=202768
“<b>주 60시간</b> 이상은 무리? 그럼 <b>주 60시간</b>은 괜찮다는 건가”,https://vop.co.kr/A00001629851.html
윤 대통령 &quot;<b>주 60시간</b> 이상은 무리… 상한 캡 없는 정부안 유감&quot;,http://www.seoulwire.com/news/articleView.html?idxno=496536
민주당 &quot;<b>주</b> 69시간 추진해놓고 <b>60시간</b>은 무리?…尹 정책 내용 모르고 밀어붙여...,http://www.sporbiz.co.kr/news/articleView.html?idxno=646784
尹 대통령 &quot;연장근로해도 <b>주 60시간</b> 이상은 무리&quot;,https://www.econovill.com/news/articleView.html?idxno=605529
尹대통령 &quot;<b>주 60시간</b> 이상은 무리&quot;,http://www.viewsnnews.com/article?q=209579
주69시간 좌초…尹 “<b>60시간</b> 이상은 무리”,https://www.etoday.co.kr/news/view/2231164
"대통령실 &quot;<b>주60시간</b>, 尹가이드라인 아냐…상한캡 고집 이유 없다&quot;",http://www.incheonilbo.com/news/articleView.html?idxno=1186284
"대통령실 “<b>주 60시간</b>, 尹 가이드라인 아냐”",http://www.kukinews.com/newsView/kuk202303200189
"대통령실 &quot;<b>주 60시간</b>, 尹 가이드라인 아니다···국민 의견 수렴&quot;",https://www.thereport.co.kr/news/articleView.html?idxno=31863
윤 대통령 &quot;<b>주 60시간</b> 이상 근무 건강 차원 무리&quot;,http://www.seoulwire.com/news/articleView.html?idxno=496847
"尹 &quot;<b>주60시간</b> 이상 근무, 건강보호 차원서 무리&quot;",http://www.viewsnnews.com/article?q=209700
"대통령실 &quot;윤석열 대통령 &apos;<b>주 60시간</b> 이상 무리&apos; 발언, 가이드라인 아냐&quot;",http://www.breaknews.com/954564
윤 대통령 &quot;<b>주 60시간</b> 이상은 무리&quot; 발언으로...근로시간 개편안 &apos;안개속&apos;,https://www.delighti.co.kr/news/articleView.html?idxno=50442
박홍근 &quot;&apos;주 69시간&apos; 안 되고 &apos;<b>주 60시간</b>&apos; 된다?… 근거 뭐냐&quot;,http://www.shinailbo.co.kr/news/articleView.html?idxno=1675377
박홍근 &quot;<b>주 60시간</b> 가능한 근거는 뭔가... 원점 재검토해야&quot;,http://www.ltn.kr/news/articleView.html?idxno=38273
기업 75% &quot;연장근로 개편해도 <b>주 60시간</b> 미만 예상&quot;,http://www.slist.kr/news/articleView.html?idxno=435799
&apos;<b>주60시간</b> 근로제 개편&apos; 반발 여론 진화 나선 정부...尹 &quot;<b>주60시간</b> 이상은 무...,http://www.hg-times.com/news/articleView.html?idxno=251438
윤 대통령 &quot;<b>주 60시간</b> 이상 무리&quot; MZ는 여전히 &apos;싸늘&apos;,http://www.labortoday.co.kr/news/articleView.html?idxno=214011
"제조업 90.7%, 중소기업 76.7%…연장근무 개편 때 ‘<b>주 60시간</b> 이상 근로’",http://www.kidd.co.kr/news/231877
"대통령실 &quot;尹 &apos;<b>주 60시간</b>&apos; 가이드라인 의도 아냐, 그 이상 나올 수도&quot;",http://www.slist.kr/news/articleView.html?idxno=434666
尹대통령 &quot;<b>주60시간</b> 이상은 무리…보완 지시&quot;,http://www.joongboo.com/news/articleView.html?idxno=363583071
<b>주</b> 69시간→<b>60시간</b> 보완 지시···본질 빠진 해결책,https://www.womaneconomy.co.kr/news/articleView.html?idxno=216030
"尹 &quot;<b>주 60시간</b> 이상 무리, 보완해라&quot;...野 &quot;즉흥적이고 퇴행적 조치&quot;",https://news.bbsi.co.kr/news/articleView.html?idxno=3103269
윤 대통령 &quot;<b>주 60시간</b> 근무는 무리&quot;...MZ 반발 진화,http://www.jeollailbo.com/news/articleView.html?idxno=686390
尹 대통령 &quot;연장근로 하더라도 <b>주60시간</b> 이상 무리&quot;,http://www.kbmaeil.com/news/articleView.html?idxno=953260
윤 대통령 &quot;<b>주 60시간</b>은 무리&quot;···결국 보완 지시,https://www.womaneconomy.co.kr/news/articleView.html?idxno=216020
윤 대통령 “연장근로 해도 <b>주60시간</b> 이상은 무리…상한 캡 씌워라”,https://www.viva100.com/main/view.php?key=20230316010005180
尹대통령 &quot;연장근로 <b>주 60시간</b> 이상은 무리&quot;…또 보완 지시,http://www.seouleconews.com/news/articleView.html?idxno=71100
윤 대통령 &quot;<b>주60시간</b> 이상은 무리&quot;…근로시간 상한선 낮아질 듯,https://www.ekn.kr/web/view.php?key=20230316010003879
"尹대통령 &quot;<b>주60시간</b> 이상은 무리, 상한 캡 없는 정부안에 유감&quot;",https://www.polinews.co.kr/news/articleView.html?idxno=605116
대통령실 “개편하더라도 최장 근로는 <b>주</b> 69시간 아니라 <b>60시간</b>까지” 선언,https://weekly.cnbnews.com/news/article.html?no=149298
<b>주</b> 최대 <b>60시간</b> 이상 근로 희망 기업 1/4 &apos;중소 제조업서 장시간 노동 가능성...,https://www.nbntv.co.kr/news/articleView.html?idxno=1001508
&quot;<b>주 60시간</b>은 무리···노동약자 위한 상한은 필요&quot;,https://www.ktv.go.kr/content/view?content_id=672717
尹 &quot;<b>주 60시간</b> 상한선 두고 &apos;구간 재설정&apos; 유연화&quot;,https://www.idaegu.co.kr/news/articleView.html?idxno=414449
"아우디 중산모터스, 전북 최초 &apos;<b>주 4일제</b>&apos; 도입",https://daily.hankooki.com/news/articleView.html?idxno=955813
"아우디, 전주서비스센터에 <b>주4일제</b> 도입…전북 최초",http://www.metroseoul.co.kr/article/20230511500312
"교육업계, &apos;하이브리드 근무제&apos; 속속도입…보수 이미지 탈피",http://www.shinailbo.co.kr/news/articleView.html?idxno=1706425
[월드 통신원 - 호주] &apos;<b>주 4일제</b> 근무&apos; 참여 기업 확산,http://www.obsnews.co.kr/news/articleView.html?idxno=1398241
"아우디 중산모터스, 전북 지역 최초 <b>주</b> 4일 근무제 실시",https://evlounge.donga.com/FOREV/List/3/0111/20230511/119239620/1
근무체계도 앞서간다! 아우디 중산모터스 전북지역 최초 ‘<b>주 4일제</b>’ 도입,http://www.dailycar.co.kr/content/news.html?type=view&autoId=48548
"정치권, 133번째 노동절 맞아 &quot;특권 철폐&quot; vs &quot;<b>주 4일제</b> 준비&quot;",http://www.incheonilbo.com/news/articleView.html?idxno=1192194
박광온 &quot;맞벌이 부부 <b>주4일제</b> 검토...국정운영 &apos;사람중심&apos; 기조로 바꿔야&quot;,https://www.ajunews.com/view/20230501105127406
&quot;이민청 설립하면 외국인력 수급 안정화 가능&quot;,http://www.kbiznews.co.kr/news/articleView.html?idxno=93992
尹 &quot;고용세습 근절&quot; 野 &quot;학부모 <b>주4일제</b>&quot;···노동계는 7월 총파업 선포,http://www.sisajournal-e.com/news/articleView.html?idxno=299347
"아우디 중산모터스, 전북 첫 `<b>주</b> 4일 근무제` 실시",http://www.gpkorea.com/news/articleView.html?idxno=100899
"與 &quot;노동 개혁&quot;, 野 &quot;학부모위한 <b>주4일제</b> 검토&quot;",https://www.yeongnam.com/web/view.php?key=20230501010000145
"박광온 &quot;학부모 위한 <b>주4일제</b> 검토, 사람 중심으로 국정운영&quot;",http://www.slist.kr/news/articleView.html?idxno=446495
민주당 &quot;맞벌이 부부 <b>주 4일제</b> 도입 검토하겠다&quot;,https://www.insight.co.kr/news/437479
박광온 &quot;사람 중심으로 국정운영 바꿔야…학부모 <b>주4일제</b> 검토&quot;,https://www.idaegu.co.kr/news/articleView.html?idxno=418790
커지는 &apos;<b>주4일제</b>&apos; 목소리…&quot;업종·문화 특성상 한국선 당장 어려워&quot;,http://www.newspim.com/news/view/20230504000708
"조정훈, <b>주 4일제</b> 민주당 검토 &quot;참 잘한 일&quot;",https://www.gukjenews.com/news/articleView.html?idxno=2710314
"아우디 공식딜러 중산모터스, 주4일 근무제 시행···생산성 및 근로환경 개...",https://www.cnet.co.kr/view/?no=20230511115105
"<b>주4일제</b> 도입 美 스타트업, 효과는?",http://www.digitaltoday.co.kr/news/articleView.html?idxno=475807
"박광온 &quot;노동절 133주년… 민주당, <b>주</b> 4.5일제 향해 나아갈 것&quot;",https://www.newscj.com/news/articleView.html?idxno=3023400
"박광온 &quot;민주, 확장 통합으로 내년 총선 승리… &apos;맞벌이 <b>주4일제</b>&apos; 추진&quot;",http://www.shinailbo.co.kr/news/articleView.html?idxno=1696994
"아우디 공식 딜러 중산모터스, 전북지역 최초 <b>주</b> 4일 근무제 시행",http://www.rpm9.com/news/article.html?id=20230514090001
"박광온, 133주년 노동절 맞아 &quot;일하는 모든 국민의 희망 될 것&quot;",http://www.metroseoul.co.kr/article/20230501500074
"박광온, 노동절 맞아 尹 정부 &apos;정조준&apos;…&quot;<b>주</b> 4.5일제로 나아갈 것&quot;",http://www.m-i.kr/news/articleView.html?idxno=1009585
&apos;<b>주4일제</b>&apos; 정치권 화두로 부상…21대 국회서 논의 본격화될까,http://www.sporbiz.co.kr/news/articleView.html?idxno=650424
휴넷 직원 93.5% &apos;<b>주</b> 4일 근무제&apos; 만족,http://www.srtimes.kr/news/articleView.html?idxno=134875
"&quot;<b>주 4일제</b>로 삶의 질 향상됐다&quot;… 휴넷, 직원 설문조사 결과 발표",http://www.m-i.kr/news/articleView.html?idxno=1009921
"野 박광온 &quot;尹, 사람 중심 국정운영해야…<b>주</b> 4.5일제 추진&quot;",http://www.todaykorea.co.kr/news/articleView.html?idxno=307573
"민주당, 노동절 맞아 &quot;<b>주</b> 4.5일 근무제 추진할 것&quot;",https://ilyo.co.kr/?ac=article_view&entry_id=451354
"[산업 이슈] 이건(EAGON), 엔데믹 전환 속 ‘이건 아카데미’ 3년 만에 재개 ...",http://www.lawissue.co.kr/view.php?ud=202305022052405052204ead0791_12
&apos;이색 복지&apos; 내세우는 기업들…구직자 눈길 사로잡는다,http://www.m-i.kr/news/articleView.html?idxno=1011175
박광온 민주당 원내대표 &quot;국정운영 기조 사람 중심 전환해야…<b>주</b> 4.5일 추진&quot;,http://www.sporbiz.co.kr/news/articleView.html?idxno=650153
"&quot;엔돌핀커넥트, 만드는 사람이 즐겁고 항상 새로움을 추구하는 곳&quot;",http://www.gamevu.co.kr/news/articleView.html?idxno=27101
"휴넷, <b>주</b> 4일 근무 도입 1주년 설문 발표 &quot;삶의 질 향상돼&quot;",http://www.slist.kr/news/articleView.html?idxno=446758
전북 최초 주4일 근무 &apos;아우디 중산 모터스&apos;…지역 근로환경 개선 기대,https://www.jjan.kr/article/20230503580301
근로자의 날 분명한 차이 보인 與·野... 5月 국회 핵심 쟁점 &apos;노란봉투법&apos;,http://www.ilyoseoul.co.kr/news/articleView.html?idxno=474319
[영상] 박광온 “내년 총선은 ‘확장성’ 싸움...‘<b>주4일제</b>’ 등 온건개혁 잡...,http://facttv.kr/facttvnews/detail.php?number=36983&thread=14r08
"&quot;<b>주 4일제</b>로 &apos;삶의 질&apos; 향상&quot;… 휴넷, 직원 설문조사 결과 발표",https://www.newscj.com/news/articleView.html?idxno=3024177
한국정경신문 ‘<b>주 4일제</b>’ 전면 도입..언론사 최초,http://kpenews.com/View.aspx?No=2789919
"[뉴공 아카이브]권미경 세브란스 병원 노조위원장과의 인터뷰: 세브란스병원,...",http://www.ddanzi.com/768589571
[뉴공 아카이브]김종진(일하는시민연구소 소장): 노동시간에 대한 국제사회의...,http://www.ddanzi.com/768156251
주 69시간 맞불로 나온 &apos;<b>주 4일제</b>&apos; 통할까,http://www.labortoday.co.kr/news/articleView.html?idxno=214247
&apos;69시간&apos; 논란 속 눈에 띄는 &apos;<b>주4일제</b>&apos; 대구경북 기업,https://www.yeongnam.com/web/view.php?key=20230328010003660
[이투데이 말투데이] 인인성사(因人成事)/<b>주 4일제</b>,https://www.etoday.co.kr/news/view/2241744
[배종찬의 빅데이터] 근로시간 &apos;69시간제&apos;의 대안은 &apos;<b>주 4일제</b>&apos;일까,http://www.dailyimpact.co.kr/news/articleView.html?idxno=95076
&quot;<b>주 4일제</b> 등 근로시간 단축기업에 인센티브 지원을&quot;...법개정 추진,http://www.m-economynews.com/news/article.html?no=37644
"김영주 의원, <b>주 4일제</b>·주4.5일제 등 &apos;근로시간 단축기업 인센티브 지원법&apos; ...",https://www.gokorea.kr/news/articleView.html?idxno=740217
너무 놀랍다… 월급 그대로 주는 &apos;<b>주4일제</b>&apos; 첫 공식 시행한 나라가 있다,https://www.wikitree.co.kr/articles/839507
"10시간 <b>주 4일제</b>, 라마단 32.5시간제도 있는데 한국은...외신도 주목",https://www.ekn.kr/web/view.php?key=20230323010005881
호주서 &apos;<b>주4일제</b>&apos; 움직임…칠레 &apos;<b>주4일제</b>&apos; 상원 통과,http://www.newsworker.co.kr/news/articleView.html?idxno=197996
"호주, 보수삭감 없는 <b>주4일제</b> 첫 공식 시행…구호단체 &apos;옥스팜&apos; 직원 대상",http://www.newsworks.co.kr/news/articleView.html?idxno=709432
"호주 옥스팜, <b>주4일제</b> 첫 공식 시행…보수삭감 없이 &apos;주30시간&apos; 근무",https://www.jeonmae.co.kr/news/articleView.html?idxno=947558
[데일리픽] 네이버가 찜한 3D 스타트업은? <b>주 4일제</b> 미리 해보니…,http://www.digitaltoday.co.kr/news/articleView.html?idxno=472047
"영국, <b>주 4일제</b> 미리 해보니…참여 기업 92%가 &apos;긍정&apos;",http://www.digitaltoday.co.kr/news/articleView.html?idxno=471997
[토마토레터 제183호]꿀벌이 사라졌다…초유의 &apos;꿀벌 집단 실종&apos; 사건,http://www.newstomato.com/ReadNews.aspx?no=1189141&inflow=N
"<b>주4일제</b> 하면 가족친화인증 가점 준다…김영주 의원, 가족친화법 개정안 발의",http://www.engdaily.com/news/articleView.html?idxno=16214
"회사도 대찬성?…여전히 말 많은 &apos;<b>주 4일제</b>&apos;, 6개월 만에 퇴사자 57% 감소",https://www.wikitree.co.kr/articles/831750
"WSJ &quot;美 <b>주4일제</b> 만족도, 직종 따라 따르다&quot;..현행 서비스업 등 아예 불가능 ...",http://kpenews.com/View.aspx?No=2736053
英서 시행된 &apos;<b>주4일제</b>&apos; 실험… 결과는 &apos;성공적&apos;,https://www.asiatime.co.kr/article/20230223500269
"英 <b>주4일제</b> 실험 6개월 해보니… 기업 92%, ‘계속 유지할 것’",https://www.ciokorea.com/news/279019
<b>주4일제</b> 테스트 영국 기업들 대만족…90% 이상 유지 결정,https://www.etoday.co.kr/news/view/2224412
세브란스병원 &apos;<b>주 4일제</b> 연구사업&apos; 본격화,http://www.labortoday.co.kr/news/articleView.html?idxno=213613
"연세의료원 노사, <b>주4일제</b> 연구사업 본격 착수",http://www.bosa.co.kr/news/articleView.html?idxno=2191504
"연세의료원, &apos;<b>주 4일제</b>&apos; 연구사업 본격 가동",https://www.dailymedi.com/news/news_view.php?wr_id=894655
월급 안 깎는 <b>주4일제</b> 도입한지 6개월 지난 회사들...의외의 반응 쏟아졌다,https://www.insight.co.kr/news/430657
"[초점] <b>주 4일제</b>, 노사 호응 속 확산 움직임…여성·ICT 분야선 &quot;불만&quot;",http://www.g-enews.com/ko-kr/news/article/news_all/202302261139496629e8b8a793f7_1/article.html
尹 &apos;주69시간 근무제&apos; 재검토 지시…李 &quot;다행…<b>주4일제</b> 향해 가야&quot;,http://www.incheonilbo.com/news/articleView.html?idxno=1185510
쉴 땐 쉬고 일할 땐 일하고…<b>주 4일제</b>·시차 출퇴근 &apos;OK&apos;,http://www.newspim.com/news/view/20230224000183
"일본, 공무원 ‘<b>주 4일제</b>’ 탄력근로제 대상 넓힌다",https://www.etoday.co.kr/news/view/2240340
&apos;임금 안 깎는 <b>주 4일제</b>&apos; 실험에 참여한 영국 기업 중 92%가 &quot;이 제도를 지속...,https://www.huffingtonpost.kr/news/articleView.html?idxno=207133
"영국, <b>주4일제</b> 근무 실험…&quot;직원 39%, 스트레스 줄었다&quot;",http://www.newsinside.kr/news/articleView.html?idxno=1189934
<b>주4일제</b> 실험 영국기업 상당수 그대로 유지,http://www.obsnews.co.kr/news/articleView.html?idxno=1386997
<b>주 4일제</b>: 주 4일 근무는 실제로 얼마나 확산될 수 있을까?,https://www.bbc.com/korean/features-64436505?xtor=AL-73-%5Bpartner%5D-%5Bnaver%5D-%5Bheadline%5D-%5Bkorean%5D-%5Bbizdev%5D-%5Bisapi%5D
&apos;<b>주 4일제</b>&apos; 도입하니 매출 38% 증가..다보스 전문가들 &quot;논의해 볼때&quot;,http://kpenews.com/View.aspx?No=2693135
세브란스·삼성서울 <b>주4일제</b> 실험…병원계 근무체계 바꿀까,https://www.medicaltimes.com/Main/News/NewsView.html?ID=1151420&ref=naverpc
"세브란스 <b>주4일제</b> 실험… “근로조건 유지, 전 직종 확대 목표”",http://www.kukinews.com/newsView/kuk202212290107
미국 초등학교 <b>주 4일제</b> 도입 찬반...“다양한 교육활동 보장” vs “맞벌이 ...,http://kids.donga.com/news/vv.php?type=news&id=20221228141641255709
"연세의료원, 병동 간호사 <b>주4일제</b> 시범사업 내년 실시",http://www.whosaeng.com/141174
세브란스병원 <b>주 4일제</b> 실험 내년부터,http://www.labortoday.co.kr/news/articleView.html?idxno=212614
세브란스·강남세브란스병원 3개 병동 &apos;<b>주 4일제</b>&apos;,https://www.dailymedi.com/news/news_view.php?wr_id=892419
"연세의료원 노사, 내년부터 &apos;<b>주4일제</b> 시범운영&apos;",http://www.laborplus.co.kr/news/articleView.html?idxno=30700
"연세의료원, 내년 1월부터 &apos;<b>주 4일제</b>&apos; 시범사업···국내 의료계 최초",https://www.ajunews.com/view/20221222162454764
의료계 최초 <b>주4일제</b> 시행 &apos;코앞&apos;,http://www.healthinnews.co.kr/news/articleView.html?idxno=34637
"세브란스병원, 내년부터 의료계 최초 <b>주4일제</b> 시행",https://www.medigatenews.com/news/1382928993
"연세의료원, 의료계 최초 내년 <b>주4일제</b> 시범운영",http://www.bosa.co.kr/news/articleView.html?idxno=2187777
&quot;<b>주4일제</b> 했더니 직원행복지수 상승&quot;,http://www.naeil.com/news_view/?id_art=445817
36살 세계 최연소 대통령 당선되더니 <b>주4일제</b> 법안 통과된 나라,https://www.insight.co.kr/news/433432
[국제] 칠레 상원 &apos;<b>주 4일제</b>&apos; 만장일치 가결...주 45시간에서 40시간,http://www.newsfreezone.co.kr/news/articleView.html?idxno=454121
"방사선보건원 원장의 <b>주4일제</b> 근무, 떨고 있는 황주호 한국수력원자력 사장",http://www.financialreview.co.kr/news/articleView.html?idxno=23781
"“‘<b>주 4일제</b>’로 직원행복지수 UP”… 휴넷, 생산성 향상 프로젝트 진행중",http://www.newscj.com/article/20221219580570
"휴넷, <b>주4일제</b> 도입후 직원 행복지수 크게 늘어",http://www.metroseoul.co.kr/article/20221219500068
"휴넷, &apos;직원행복지수&apos; 큰 폭 상승… <b>주 4일제</b> 영향",http://www.m-i.kr/news/articleView.html?idxno=973012
"美 25개주 1600개 학교, &apos;주5일제&apos;→&apos;<b>주4일제</b> 수업&apos; 전환",http://www.opinionnews.co.kr/news/articleView.html?idxno=77851
"미주리 인디펜던스 교육청, <b>주 4일제</b> 수업 전환",https://news.koreadaily.com/2022/12/16/society/education/20221216160205938.html
구인난에 ‘<b>주4일제</b>’로 전환한 美 학교들…25개주 1600개 학교 시행 중,https://www.ekn.kr/web/view.php?key=20221217010003695
"[초점] 글로벌 ‘<b>주4일제</b>’ 실험, 기업·근로자 모두 만족했다",http://www.g-enews.com/ko-kr/news/article/news_all/2022120114052388719a1f309431_1/article.html
"연세의료원, 내년부터 국내 병원계 최초로 &apos;<b>주 4일제</b>&apos; 시범 운영",https://www.medipana.com/article/view.php?news_idx=306374&sch_cate=B
[J네트워크] 세계는 지금 <b>주 4일제</b> 실험 중,https://news.koreadaily.com/2022/12/16/society/opinion/20221216191218885.html
[글로벌 아이] 세계는 지금 <b>주 4일제</b> 실험 중,https://news.koreadaily.com/2022/12/14/society/opinion/20221214213130133.html
&apos;되레 매출 증대? 사바사…&apos; 세계 노동시장 <b>주</b> 4일 근무제 현주소,https://ilyo.co.kr/?ac=article_view&entry_id=451205
"휴넷, <b>주 4일제</b> 시행 후 직원 행복지수 6.1점 올랐다",http://www.newstomato.com/ReadNews.aspx?no=1167443&inflow=N
&quot;월급 10%삭감하고 <b>주 4일제</b> vs 월급 그대로 주 5일제&quot;...사람들 반응은?,https://www.insight.co.kr/news/417929
"워라밸 쉽지 않네…에듀윌, <b>주4일제</b> 두고 한바탕 홍역",http://www.newstomato.com/ReadNews.aspx?no=1157290&inflow=N
스트레스 줄고 효율 높아…&apos;<b>주 4일제</b>&apos; 높은 만족도,https://news.koreadaily.com/2022/12/11/economy/economygeneral/20221211182112793.html
영국 &apos;<b>주 4일제</b>&apos; 실험 기업에 입사지원자 몰려,https://www.cstimes.com/news/articleView.html?idxno=516159
&quot;2023년 남녀고용평등 유공자 및 우수기업 포상&quot;,https://www.job-post.co.kr/news/articleView.html?idxno=77381
"[씨부려대구] 주69시간 근무제, 지금 우리의 노동 어젠다는",https://www.newsmin.co.kr/news/87933/
<b>주 4일제</b> &apos;찍먹&apos;해보니…생산성 향상 vs 시기상조 &apos;팽팽&apos;,http://www.mkhealth.co.kr/news/articleView.html?idxno=60354
월급 줄어든다 vs 휴일 늘어 좋다... 2주 연속 연휴 겪은 직장인들 <b>주 4일제</b>에...,https://weekly.cnbnews.com/news/article.html?no=145909
대형마트 온라인 배송 허용 추진 &apos;일파만파&apos;...&quot;&apos;<b>주 4일제</b>&apos; 판국에...고강도 ...,https://www.socialvalue.kr/news/view/1065609776149591
도마에 오른 <b>주</b> 69시간 근무제,http://www.skyedaily.com/news/news_view.html?ID=188783
"박광온, 133주년 노동절 맞아 &quot;민주당 <b>4.5일제</b> 추진할 것&quot;",http://www.newspim.com/news/view/20230501000092
노동절 맞아 여 “근로자 존중” 야 “<b>주 4.5일제</b> 도입” 강조,http://www.knnews.co.kr/news/articleView.php?idxno=1403049
"박광온 &quot;노동절 133주년… 민주당, <b>주 4.5일제</b> 향해 나아갈 것&quot;",https://www.newscj.com/news/articleView.html?idxno=3023400
"정치권, 133번째 노동절 맞아 &quot;특권 철폐&quot; vs &quot;<b>주</b> 4<b>일제</b> 준비&quot;",http://www.incheonilbo.com/news/articleView.html?idxno=1192194
"박광온, 노동절 맞아 尹 정부 &apos;정조준&apos;…&quot;<b>주 4.5일제</b>로 나아갈 것&quot;",http://www.m-i.kr/news/articleView.html?idxno=1009585
"野 박광온 &quot;尹, 사람 중심 국정운영해야…<b>주 4.5일제</b> 추진&quot;",http://www.todaykorea.co.kr/news/articleView.html?idxno=307573
"민주당, 노동절 맞아 &quot;<b>주 4.5</b>일 근무제 추진할 것&quot;",https://ilyo.co.kr/?ac=article_view&entry_id=451354
박광온 민주당 원내대표 &quot;국정운영 기조 사람 중심 전환해야…<b>주 4.5</b>일 추진&quot;,http://www.sporbiz.co.kr/news/articleView.html?idxno=650153
민주당 &quot;과로 사회 넘어 <b>4.5일제</b>로 나아가는 문 열겠다&quot;,http://www.shinailbo.co.kr/news/articleView.html?idxno=1696389
민주당 &quot;맞벌이 부부 <b>주</b> 4<b>일제</b> 도입 검토하겠다&quot;,https://www.insight.co.kr/news/437479
국힘 &quot;4대분야 노동개혁&quot; 민주 &quot;<b>주4.5일제</b> 도입&quot;,https://www.ulsanpress.net/news/articleView.html?idxno=503729
여 &quot;노사 법치주의 정립&quot; VS 야 &quot;<b>주</b> 4·5<b>일제</b> 담대해 추진&quot;,http://www.joongboo.com/news/articleView.html?idxno=363590202
&apos;주4<b>일제</b>&apos; 정치권 화두로 부상…21대 국회서 논의 본격화될까,http://www.sporbiz.co.kr/news/articleView.html?idxno=650424
주 69시간 vs. <b>주 4.5일제</b>… &apos;적정 근로시간&apos; 합의점 놓고 의견 분분,http://news.koreanbar.or.kr/news/articleView.html?idxno=27258
김영주 ‘<b>주 4.5일제</b> 시행하면 가족친화인증 혜택’ 법안 발의,http://www.shinailbo.co.kr/news/articleView.html?idxno=1686030
"김영주 의원, 주4·<b>주4.5일제</b> 등 &apos;근로시간 단축기업 인센티브 지원법 개정안...",https://www.straightnews.co.kr/news/articleView.html?idxno=228414
"김영주 의원, 주 4일제·<b>주4.5일제</b> 등 &apos;근로시간 단축기업 인센티브 지원법&apos; ...",https://www.gokorea.kr/news/articleView.html?idxno=740217
민주당 &apos;<b>주 4.5일제</b> 확산법&apos; 발의,http://www.labortoday.co.kr/news/articleView.html?idxno=214292
"이재명 &quot;주 69시간제, 일하다가 죽자는 것...<b>주 4.5일제</b> 도입해야&quot;",https://www.ajunews.com/view/20230329141529980
"이재명, 주69시간 근로는 일하다 죽자는 것...<b>주 4.5일제</b> 실행 가능 목표",http://www.joongboo.com/news/articleView.html?idxno=363584916
"민주, &apos;주 69시간제&apos; 논란 겨냥 &quot;<b>주 4.5일제</b> 도입해야&quot;",https://www.asiatoday.co.kr/view.php?key=20230329010016789
"민주당, <b>4.5일제</b> 도입 토론회…이르면 이번 <b>주</b> 법안 발의",https://www.natv.go.kr/natv/news/newsView.do?newsId=505941
이재명 “주4일 목표로 <b>주4.5일제</b> 해야…포괄임금제 반드시 개혁”,https://www.kgnews.co.kr/news/article.html?no=742058
&apos;주 69시간제&apos;가 웬말…&apos;<b>주 4.5일제</b>&apos; 맞불 놓는 野,https://www.etoday.co.kr/news/view/2235387
"민주당, &apos;<b>주 4.5일제</b>&apos; 추진 드라이브…&quot;실행 가능한 목표&quot;",http://www.m-i.kr/news/articleView.html?idxno=1000309
<b>주4.5일제</b> 도입으로 과로사회를 넘어 지속가능한 사회 도모해야,http://news.inochong.org/detail.php?number=4603&thread=22r03r01
"민주, 尹의 주 69시간 NO·<b>주 4.5일제</b> YES",https://www.thereport.co.kr/news/articleView.html?idxno=32282
"[與野 MZ세대 끌어안기] 민주당, &apos;<b>주 4.5일제</b>&apos;·&apos;천원아침밥 전국 적용&apos; 등",https://www.ekn.kr/web/view.php?key=20230402010000164
"민주, 與 근로 유연제 우왕좌왕에 &apos;<b>주 4.5일제</b>&apos; 카드로 반격",http://www.kihoilbo.co.kr/news/articleView.html?idxno=1021952
"민주당, &apos;주 69시간제&apos; 논란에 &apos;<b>주 4.5일제</b>&apos; 추진 밝혀",https://www.ccdailynews.com/news/articleView.html?idxno=2193175
민주당 &quot;<b>주 4.5일제</b> 법안 발의하겠다&quot;,http://www.viewsnnews.com/article?q=209715
"[포토] 민주당, 주69시간제 폐기 촉구··· &quot;<b>주4.5일제</b> 추진&quot;",http://www.laborplus.co.kr/news/articleView.html?idxno=31205
"민주당 “<b>주 4.5일제</b> 법안 발의…양곡관리법, 23일 본회의 처리”",https://www.dnews.co.kr/uhtml/view.jsp?idxno=202303211509024610427
"민주당 &apos;<b>주 4.5일제</b>&apos; 추진, 尹정부의 &apos;주 69시간 근로제&apos;에 맞불",http://www.incheonilbo.com/news/articleView.html?idxno=1186421
[강아랑의 정치톡] &quot;제2의 유신&quot;? 주 69시간 vs <b>주 4.5일제</b>,https://www.natv.go.kr/natv/news/newsView.do?newsId=505895
"野 “주 69시간제, 엇박자 점입가경…<b>주 4.5일제</b> 추진해야”",https://www.kgnews.co.kr/news/article.html?no=741055
직장인 &apos;<b>주 4.5일제</b>&apos; 추진하겠다 선언한 민주당,https://www.insight.co.kr/news/433230
주 69시간 NO! <b>주 4.5일제</b> YES! 과로사회 OUT!,http://news.inochong.org/detail.php?number=4591&thread=22r19
<b>주4.5일제</b> 도입방안 긴급 토론회에서 인사말 하는 이재명 대표,https://www.gukjenews.com/news/articleView.html?idxno=2684899
<b>주4.5일제</b> 도입방안 마련을 위한 긴급 토론회,https://www.gukjenews.com/news/articleView.html?idxno=2684894
[포토] <b>주 4.5일제</b> 카드 꺼내든 더불어민주당,https://www.ilyosisa.co.kr/news/article.html?no=238841
장예찬 &quot;민<b>주 4.5일제</b>? 이재명 주4일 재판 이야기하는 줄&quot;,https://www.newscj.com/news/articleView.html?idxno=3011605
"민주당, &apos;주 69시간제&apos; 개편에 맞서 &apos;<b>주 4.5일제</b>&apos; 법안 발의 추진",https://www.gukjenews.com/news/articleView.html?idxno=2678999
野 &quot;양곡관리법 처리 불가피...<b>주 4.5일제</b> 기업 인센티브 법안 발의&quot;,https://www.etoday.co.kr/news/view/2232712
"상상인그룹, 상반기 공채 실시...업계 최초 &apos;<b>주4.5일제</b>&apos;",https://www.nbntv.kr/news/articleView.html?idxno=69602
"&apos;주 69시간 NO, <b>주 4.5일제</b> YES, 과로사 사회 OUT&apos;",http://www.incheonnews.com/news/articleView.html?idxno=411794
민주당 &quot;예금 보호 한도 1억 상향·<b>주 4.5일제</b> 법안 발의&quot;,http://tbs.seoul.kr/news/newsView.do?typ_800=9&idx_800=3492467&seq_800=20485151
민주당 &quot;예금 보호 한도 1억으로 상향·<b>주 4.5일제</b> 법안 발의&quot;,http://www.obsnews.co.kr/news/articleView.html?idxno=1390959
"민주당, <b>주 4.5일제</b> 추진 법안 발의키로",http://www.ggilbo.com/news/articleView.html?idxno=965781
[포토] <b>주4.5일제</b> 도입방안 마련을 위한 긴급 토론회,https://www.newdaily.co.kr/site/data/html/2023/03/29/2023032900179.html
이재명 &quot;<b>주 4.5일제</b> 워라밸 가능한 사회로&quot;,http://www.newswhoplus.com/news/articleView.html?idxno=3834
"이재명, &quot;<b>주 4.5일제</b>, 선진국 향해 여가 있는 노동 쟁취할 것&quot;",https://www.gukjenews.com/news/articleView.html?idxno=2701626
"이재명 &quot;주69시간제, 이해 안돼...<b>4.5일제</b> 향해 가야&quot;",http://www.ntoday.co.kr/news/articleView.html?idxno=96637
김성환 &quot;노동의 미래는 <b>주 4.5일제</b>…&apos;과로사 조장&apos; 근로 시간 개정안 동의할 ...,http://www.newsworks.co.kr/news/articleView.html?idxno=708366
"이재명, 유튜브 공유하며 &quot;탁상공론 정부 꼭 보길…<b>주4.5일제</b> 해야&quot;",http://www.upinews.kr/newsView/upi202303260026
[포토] 이재명 &apos;<b>주4.5일제</b> 강조...주 60·69시간 근무는 일하다 죽자는 것&apos;,https://www.asiatoday.co.kr/view.php?key=20230329010016521
[포토] 더불어민주당 &apos;주 69시간 NO·<b>주 4.5일제</b> YES&apos;,https://www.asiatoday.co.kr/view.php?key=20230329010016513
"이재명 &quot;<b>주</b> 69시간, 일하다 죽자는 것… <b>주 4.5</b>일 향해야&quot;",https://www.newscj.com/news/articleView.html?idxno=3013317
&apos;<b>주 4.5</b>일 근무제법&apos; 발의한 민주당 &quot;근로시간 단축 비용 세금으로 지원&quot;,https://www.insight.co.kr/news/434197
“<b>주 4.5</b>일 근무제를…” 민주당이 파격적인 발표를 내놨다 (공식),https://www.wikitree.co.kr/articles/838480
야당 &quot;<b>주 4.5</b>일 개편 추진&quot;…세브란스병원 주목,https://www.dailymedi.com/news/news_view.php?wr_id=896049
"민주, 내주 <b>주4.5</b>일 촉진 입법 추진…23일엔 양곡법 처리",http://www.namdonews.com/news/articleView.html?idxno=718316
&quot;근로제 개편 엇박자… <b>주 4.5일제</b>로 가야&quot;,http://www.joongboo.com/news/articleView.html?idxno=363583885
이재명 “공짜노동·야근 막겠다…<b>주 4.5일제</b>로 나아가야”,https://www.dnews.co.kr/uhtml/view.jsp?idxno=202303221046086930643
&apos;하루 12시간·주6일&apos; 中기업에도 워라밸 바람...<b>주 4.5일제</b> 도입,http://www.newspim.com/news/view/20230104000849
한국정경신문 ‘<b>주</b> 4<b>일제</b>’ 전면 도입..언론사 최초,http://kpenews.com/View.aspx?No=2789919
"베스트텍, 근무혁신 우수기업 선정…&quot;<b>주 4.5일제</b> 근무 등 시행&quot;",http://www.sentv.co.kr/news/view/641958
막 오른 은행권 노조위원장 선거... &apos;<b>주 4.5일제</b>&apos; 공약 주목,http://www.meconomynews.com/news/articleView.html?idxno=73110
&quot;<b>주</b> 4<b>일제</b> 등 근로시간 단축기업에 인센티브 지원을&quot;...법개정 추진,http://www.m-economynews.com/news/article.html?no=37644
"이재명, 연일 &apos;<b>주</b> 69시간&apos; 때리기…&quot;탁상공론 정치가 국민 삶 위협&quot;",http://www.m-i.kr/news/articleView.html?idxno=1001267
<b>주</b> 69시간 맞불로 나온 &apos;<b>주</b> 4<b>일제</b>&apos; 통할까,http://www.labortoday.co.kr/news/articleView.html?idxno=214247
이재명 &quot;<b>주</b> 60시간 또는 69시간…과로사회로 되돌아가자는 것&quot;,http://www.sporbiz.co.kr/news/articleView.html?idxno=647707
"&quot;<b>주</b> 최대 69시간제, 노동시장 이중구조 심화시킬 것&quot;",http://www.naeil.com/news_view/?id_art=456149
&apos;69시간&apos; 논란 속 눈에 띄는 &apos;주4<b>일제</b>&apos; 대구경북 기업,https://www.yeongnam.com/web/view.php?key=20230328010003660
장예찬 &quot;<b>주</b> 69시간제 소통 부족했다…24일 MZ노조와 치맥회동&quot;,https://www.ajunews.com/view/20230323094421895
"장예찬 &quot;주69시간제, 첫단추 잘못 꿰…대통령 메시지 위주 원보이스 통일돼야...",http://www.newsworks.co.kr/news/articleView.html?idxno=709386
"&apos;주69시간&apos; 후폭풍, MZ 민심 잡기 나서는 野",http://www.metroseoul.co.kr/article/20230328500427
"박주민 &quot;<b>주</b> 69시간 근로, 재검토 아닌 폐기해야…李, 질서있는 퇴진론? 조직적...",https://radio.ytn.co.kr/program/?f=2&id=88238&s_mcd=0214&s_hcd=01
민주당·한국노총 &apos;<b>주</b> 69시간제 폐기&apos; 공동 캠페인,http://www.labortoday.co.kr/news/articleView.html?idxno=214095
여론악화 몰고온 &apos;주69시간 근로제&apos;,http://www.sisaweek.com/news/articleView.html?idxno=203402
&quot;컨트롤타워가 없다&quot;…&apos;<b>주</b> 69시간&apos; 백지화 놓고 당정대 혼선,http://www.newstomato.com/ReadNews.aspx?no=1181079&inflow=N
"尹 &quot;근로시간 개편안, 보완·검토하라&quot;…<b>주</b> 최대 69시간 원안 수정되나",https://www.ajunews.com/view/20230314153415317
"윤 대통령, 주69시간 근무제 보완 지시…&quot;MZ세대 의견 청취하라&quot;",http://www.sisafocus.co.kr/news/articleView.html?idxno=293516
"尹대통령, &apos;<b>주</b> 최대 69시간&apos; 근로시간 개편안 보완검토 지시",https://www.ekn.kr/web/view.php?key=20230314010003187
李 &quot;노예도 죽을만큼 일 시키진 않아&quot;… &apos;<b>주</b> 69시간제&apos; 힐난,http://www.shinailbo.co.kr/news/articleView.html?idxno=1675369
불통의 ‘주69시간’…국정 신뢰 빨간불? [여의도 고구말],http://www.kukinews.com/newsView/kuk202303150190
"새해엔 은행 영업시간 정상화?…노조, <b>주 4.5</b>일 요구 &apos;변수&apos;",http://www.metroseoul.co.kr/article/20221226500007
"금융노조, 16일 총파업 강행…&quot;<b>주</b> 36시간 <b>4.5일제</b> 실시하라&quot;",http://www.newspim.com/news/view/20220914000457
금융노조 파업 눈앞 &apos;<b>주 4.5일제</b>·금융공공성&apos; 살릴까,http://www.labortoday.co.kr/news/articleView.html?idxno=210893
&quot;<b>주</b> 36시간 <b>4.5일제</b> 실시하라&quot; 금융노조 총파업 돌입,http://www.newspim.com/news/view/20220916000384
<b>주 4.5</b>일 근무로도 매출을 상승시킨 1인 동물병원 노하우는?,http://www.dailyvet.co.kr/news/companion-animal/176385
